{
  "spotMid": 40.0495,
  "perpMid": 40.0425,
  "hypeSpotBalance": 16087.13913328,
  "hypePerpBalance": -77486.99,
  "usdcSpotBalance": 0.00069967,
  "perpAccountValue": 2503700.823395,
  "cumFunding": 154110.348226,
  "cumFunding7d": 7037.55789,
  "cumFunding30d": 40560.994975000016,
  "avg7d": 5086359.708349207,
  "avg30d": 4916508.415319682,
  "apr7d": 7.214558087397924,
  "apr30d": 10.037450642644306,
  "accountValue": 4120178.176445909,
  "stakingDelegations": [
    {
      "validator": "0x000000000056f99d36b6f2e0c51fd41496bbacb8",
      "amount": 100.58964547,
      "lockedUntilTimestamp": 1743158915092
    },
    {
      "validator": "0x3e5b2598a32ebf003ad5a7254faa3d04ff41d9fe",
      "amount": 24174.25707254,
      "lockedUntilTimestamp": 1749054850475
    }
  ]
}